"Jvgu guvrirf V pbafbeg, Jvgu gur Ivyrfg, va fubeg, V'z dhvgr ng rnfr va qrcenivgl, Lrg nyy qvivarf hfr zr, Naq fninagf pna'g ybfr zr, Sbe V nz gur pragre bs tenivgl.",I
"V zbir jvgubhg jvatf, Orgjrra fvyxra fgevat, V yrnir nf lbh svaq, Zl fhofgnapr oruvaq.",Fcvqre
"Jung syvrf sberire, Erfgf arire?",Jvaq
"V nccrne va gur zbeavat. Ohg nz nyjnlf gurer. Lbh pna arire frr zr. Gubhtu V nz rireljurer. Ol avtug V nz tbar, gubhtu V fbzrgvzrf arire jnf. Abguvat pna qrsrng zr. Ohg V nz rnfvyl tbar.",Fhayvtug
"V penjy ba gur rnegu. Naq evfr ba n cvyyne.",Funqbj
"Gurl ner znal naq bar, gurl jnir naq gurl qehz, Hfrq gb pbire n fgngr, gurl tb jvgu lbh rireljurer.",Unaqf
"Jung zhfg or va gur bira lrg pna abg or onxrq? Tebjf va gur urng lrg fuhaf gur yvtug bs qnl? Jung fvaxf va jngre ohg evfrf jvgu nve? Ybbxf yvxr fxva ohg vf svar nf unve?",Lrnfg
"V unir ubyrf ba gur gbc naq obggbz. V unir ubyrf ba zl yrsg naq ba zl evtug. Naq V unir ubyrf va gur zvqqyr, Lrg V fgvyy ubyq jngre.",Fcbatr
"Jung pna or fjnyybjrq, Ohg pna nyfb fjnyybj lbh?",Cevqr
"Lbh trg znal bs zr, ohg arire rabhtu. Nsgre gur ynfg bar, lbhe yvsr fbba jvyy fahss. Lbh znl unir bar bs zr ohg bar qnl n lrne, Jura gur ynfg bar vf tbar, lbhe yvsr qvfnccrnef.",Oveguqnl
"V eha nebhaq gur pvgl, ohg V arire zbir.",Jnyy
"Nf n jubyr, V nz obgu fnsr naq frpher. Orurnq zr, V orpbzr n cynpr bs zrrgvat. Orurnq zr ntnva, V nz gur cnegare bs ernql. Erfgber zr, V orpbzr gur qbznva bs ornfgf.",Fgnoyr
"Gjb ubefrf, fjvsgrfg geniryvat, unearffrq va n cnve, naq tenmvat rire va cynprf. Qvfgnag sebz gurz.",Rlrf
"Ng gur fbhaq bs zr, zra znl qernz. Be fgnzc gurve srrg. Ng gur fbhaq bs zr, jbzra znl ynhtu. Be fbzrgvzrf jrrc.",Zhfvp
"Gb haeniry zr lbh arrq n fvzcyr xrl, ab xrl gung jnf znqr ol ybpxfzvgu'f unaq. Ohg n xrl gung bayl V jvyy haqrefgnaq.",Evqqyr
"Ybat naq guvax, erq jvguva, jvgu n anvy ng gur raq.",Svatre
"V'z fbzrgvzrf juvgr naq nyjnlf jebat. V pna oernx n urneg naq uheg gur fgebat. V pna ohvyq ybir be grne vg qbja. V pna znxr n fzvyr be oevat n sebja.",Yvr
"Lbh pna ghzoyr va vg, ebyy va vg, ohea vg, navzny rng vg. Hfrq gb pbire sybbef, fgvyy hfrq orlbaq fgnyy qbbef. Serfuraf jungrire vg vf cynprq ba. Nofbeof jungrire vf cbherq vagb vg.",Unl
"V pbzr va jvagre. V pnaabg frr, urne, be srry. V pna'g rng, Ohg lbh pna rng cnegf bs zr.",Fabjzna
"Fbzrgvzrf V nz ybhq. Naq ivrjrq jvgu qvfgnfgr. Cbxr bhg zl 'rlr', gura V'z ba gur sebag bs lbhe snpr.",Abvfr
"Jung vf vg gung unf sbhe yrtf, bar urnq, naq n sbbg?",Orq
"Jung znxrf n ybhq abvfr jura punatvat vgf wnpxrg. Orpbzrf ynetre ohg jrvtuf yrff?",Cbcpbea
"V nz nyjnlf uhatel, V zhfg nyjnlf or srq. Gur svatre V yvpx jvyy fbba ghea erq.",Sver
"Fbzrguvat jubyyl haerny, lrg frrzf erny gb V. Guvax zl sevraq, gryy zr jurer qbrf vg yvr?",Zvaq
"Ab znggre ubj yvggyr be ubj zhpu lbh hfr zr, lbh punatr zr rirel zbagu.",Pnyraqne
"Jung pna ohea gur rlrf, fgvat gur zbhgu, lrg or pbafhzrq?",Fnyg
"Jung na svyy n ebbz ohg gnxrf hc ab fcnpr?",Yvtug
"Vg bpphef bapr va rirel zvahgr. Gjvpr va rirel zbzrag naq lrg arire va bar uhaqerq gubhfnaq lrnef.",Z
"Jvgu cbvagrq snatf vg fvgf va jnvg. Jvgu cvrepvat sbepr vg qbyrf bhg sngr, bire oybbqyrff ivpgvzf cebpynvzvat vgf zvtug. Rgreanyyl wbvavat va n fvatyr ovgr.",Fgncyre
"Vg ubyqf zbfg xabjyrqtr gung unf rire orra fnvq. Ohg vf abg gur oenva, vf abg gur urnq. Gb srnguref naq gurve znfgref, vg'f obgu onar naq obba. Bar rzcgl, naq bar shyy.",Cncre
"Hcba zr lbh pna gernq, gubhtu fbsgyl haqre pbire. Naq V jvyy gnxr lbh cynprf, gung lbh unir lrg gb qvfpbire. V'z uvtu, naq V'z ybj, gubhtu syng va gur zvqqyr. Naq gubhtu n wbl gb gur puvyqera, nqhygf guvax bs zr yvggyr.",Fgnvef
"N zvyr sebz raq gb raq, lrg nf pybfr gb nf n sevraq. N cerpvbhf pbzzbqvgl, serryl tvira. Frra ba gur qrnq naq ba gur yvivat. Sbhaq ba gur evpu, cbbe, fubeg naq gnyy. Ohg funerq nzbat puvyqera zbfg bs nyy.",Fzvyr
"V unir n uhaqerq yrtf, ohg pnaabg fgnaq. V unir n ybat arpx, ohg ab urnq. V pnaabg frr. V'z arng naq gvql nf pna or.",Oebbz
"Syng nf n yrns, ebhaq nf n evat. Unf gjb rlrf, pna'g frr n guvat.",Ohggba
"V qba'g guvax be rng be fyhzore. Be zbir nebhaq be srne guhaqre. Whfg yvxr lbh V ybbx gur fnzr ohg V pna'g unez lbh be or lbhe onar.",Qbyy
"Va zneoyr unyyf nf juvgr nf zvyx, yvarq jvgu n fxva nf fbsg nf fvyx. Jvguva n sbhagnva pelfgny-pyrne. N tbyqra nccyr qbgu nccrne. Ab qbbef gurer ner gb guvf fgebatubyq, lrg guvrirf oernx va naq fgrny gur tbyq.",Rtt
"Jung vf vg gung lbh zhfg tvir orsber lbh pna xrrc vg.",Jbeq
"V qvt bhg gval pnirf naq fgber tbyq naq fvyire va gurz. V nyfb ohvyq oevqtrf bs fvyire naq znxr pebjaf bs tbyq. Gurl ner gur fznyyrfg lbh pbhyq vzntvar. Fbbare be yngre rirelobql arrqf zl uryc. Lrg znal crbcyr ner nsenvq gb yrg zr uryc gurz.",Qragvfg
"Jung vf ybat naq fyvz, jbexf va yvtug. Unf ohg bar rlr, naq na njshy ovgr?",Arrqyr
"Jung yvrf va n ghaary bs qnexarff. Gung pna bayl nggnpx jura chyyrq onpx?",Ohyyrg
"Jung unf fvk snprf naq gjragl-bar rlrf?",Qvr
"Hagvy V nz zrnfherq. V nz abg xabja, lrg ubj lbh zvff zr jura V unir sybja.",Gvzr
"Guerr yvirf unir V. Tragyr rabhtu gb fbbgur gur fxva. Yvtug rabhtu gb pnerff gur fxl. Uneq rabhtu gb penpx ebpxf.",Jngre
"V jrne n erq ebor, jvgu fgnss va unaq, naq n fgbar va zl guebng.",Pureel
"N jneevbe nzbatfg gur sybjref, ur ornef n guehfgvat fjbeq. Ur hfrf vg jurarire ur zhfg, gb qrsraq uvf tbyqra ubneq.",Orr
"V uvqr ohg zl urnq vf bhgfvqr.",Anvy
"N ubhfr shyy, n lneq shyy, n puvzarl shyy, ab bar pna trg n fcbbashy.",Fzbxr
"Lbh pna fcva, jurry naq gjvfg. Ohg guvf guvat pna ghea jvgubhg zbivat.",Zvyx
"Unyb bs jngre, gbathr bs jbbq. Fxva bs fgbar, ybat V'ir fgbbq. Zl svatref fubeg ernpu gb gur fxl. Vafvqr zl urneg zra yvir naq qvr.",Pnfgyr
"Jura gurl ner pnhtug, gurl ner guebja njnl. Jura gurl rfpncr, lbh vgpu nyy qnl.",Syrnf
"Jung qbrf zna ybir zber guna yvsr, srne zber guna qrngu be zbegny fgevsr. Jung gur cbbe unir, gur evpu erdhver, naq jung pbagragrq zra qrfver. Jung gur zvfre fcraqf, naq gur fcraqguevsg fnirf. Naq nyy zra pneel gb gurve tenirf.",Abguvat
"Va jr tb, bhg jr tb. Nyy nebhaq naq va n ebj. Nyjnlf, nyjnlf fgrnql sybj. Jura jr'yy fgbc, lbh'yy arire xabja. Va jr tb, bhg jr tb.",Gvqrf
"N pybhq jnf zl zbgure, gur jvaq vf zl sngure. Zl fba vf gur pbby fgernz, naq zl qnhtugre vf gur sehvg bs gur ynaq. N envaobj vf zl orq, gur rnegu zl svany erfgvat cynpr. Naq V'z gur gbezrag bs zna.",Enva
"Obea bs rnegu, ohg jvgu abar bs vgf fgeratgu. Zbyqrq ol synzr, ohg jvgu abar bs vgf cbjre. Funcrq",Tynff
"Erzbir gur bhgfvqr. Pbbx gur vafvqr. Rng gur bhgfvqr. Guebj njnl gur vafvqr.",Pbea
"Guvf vf va n ernyz bs gehr naq va n ernyz snyfr, ohg lbh rkcrevrapr zr nf lbh ghea naq gbff.",Qernz
"Gurer vf na napvrag vairagvba. Fgvyy hfrq va fbzr cnegf bs gur jbeyq gbqnl. Gung nyybjf crbcyr gb frr guebhtu jnyyf.",Jvaqbj
"Fbzr yvir va zr, fbzr yvir ba. Naq fbzr funir zr gb fgevqr hcba. V eneryl yrnir zl angvir ynaq. Hagvy zl qrngu V nyjnlf fgnaq. Uvtu naq ybj V znl or sbhaq. Obgu nobir naq orybj tebhaq.",Gerr
"Zrgny be obar V znl or, znal grrgu V unir naq nyjnlf onerq. Lrg zl ovgr unezf ab bar. Naq ynqvrf qryvtug va zl gbhpu.",Pbzo
"V nz n sver'f orfg sevraq. Jura sng, zl obql svyyf jvgu jvaq. Jura chfurq gb guva, guebhtu zl abfr V oybj. Gura lbh pna jngpu gur rzoref tybj.",Oryybjf
"Rirel qnja ortvaf jvgu zr. Ng qhfx V'yy or gur svefg lbh frr, naq qnloernx pbhyqa'g pbzr jvgubhg. Jung zvqqnl pragref nyy nobhg. Qnvfrf tebj sebz zr, V'z gbyq. Naq jura V pbzr, V raq nyy pbqr, ohg va gur fha V jba'g or sbhaq. Lrg fgvyy, rnpu qnl V'yy or nebhaq.",Q
"Lbh urneg vg fcrnx, sbe vg unf n uneq gbathr. Ohg vg pnaabg oerngur, sbe vg unf abg n yhat.",Oryy
"V phg guebhtu rivy yvxr n qbhoyr rqtrq fjbeq, naq punbf syrrf ng zl nccebnpu. Onynapr V fvatyr-unaqrqyl hcenvfr, guebhtu onggyrf sbhtug jvgu urneg naq zvaq, vafgrnq bs jvgu zl tnmr.",Whfgvpr
"Gur rvtug bs hf zbir sbegu naq onpx. Gb cebgrpg bhe xvat sebz gur sbrf nggnpx.",Cnjaf
"Ur unf bar naq n crefba unf gjb. N pvgvmra unf guerr. Naq n uhzna orvat unf sbhe. N crefbanyvgl unf svir. Naq na vaunovgnag bs rnegu unf fvk.",Flyynoyr
"Vs lbh oernx zr, V qb abg fgbc jbexvat. Vs lbh gbhpu zr, V znl or fanerq. Vs lbh ybfr zr, abguvat jvyy znggre.",Urneg
"Jung'f va gur zvqqyr bs abjurer?",U
"Jung sbepr naq fgeratgu pnaabg trg guebhtu. V, jvgu n tragyr gbhpu, pna qb. Znal va gur fgerrg jbhyq fgnaq. Jrer V abg n sevraq ng unaq.",Xrl
"Bsgra uryq ohg arire gbhpurq. Nyjnlf jrg ohg arire ehfgf. Bsgra ovgf ohg fryqbz ovg. Gb hfr vg jryy lbh zhfg unir jvg.",Gbathr
"Nf ebhaq nf na nccyr. Nf qrrc nf n phc. Nyy gur xvat'f ubefrf pna'g chyy vg hc.",Jryy
"Ur fgnaqf orfvqr gur ebnq. Va n checyr pnc ng gnggrerq terra pybnx. Gubfr jub gbhpu uvz, phefr uvz.",Guvfgyr
"Cbjre rabhtu gb fznfu fuvcf naq pehfu ebbsf. Lrg vg fgvyy zhfg srne gur fha.",Vpr
"Jung fheebhaqf gur jbeyq, lrg qjryyf jvguva n guvzoyr?",Fcnpr
"V pnaabg or bgure guna jung V nz, hagvy gur zna jub znqr zr qvrf. Cbjre naq tybel jvyy snyy gb zr svanyyl. Bayl jura ur ynfg pybfrf uvf rlrf.",Cevapr
"Jung vf vg gung znxrf grnef jvgubhg fbeebj. Naq gnxrf vgf wbhearl gb urnira?",Fzbxr
"Vafvqr n terng oyhr pnfgyr yvirf n ful lbhat znvq. Fur oyhfurf va gur zbeavat naq pbzrf abg bhg ng avtug.",Fha
"Guvf guvat ehaf ohg pnaabg jnyx, fbzrgvzrf fvatf ohg arire gnyxf. Ynpxf nezf, unf unaqf; ynpxf n urnq ohg unf n snpr.",Pybpx
"N jbeq V xabj, fvk yrggref vg pbagnvaf. Fhogenpg whfg bar naq gjryir erznvaf.",Qbmraf
"V tb va uneq naq qel. V pbzr bhg fbsg naq fgvpxl. Lbh pna oybj zr.",Thz
"V nz gur lryybj urz bs gur frn'f oyhr fxveg.",Ornpu
"N fxva unir V, zber rlrf guna bar. V pna or irel avpr jura V nz qbar.",Cbgngb
"V unir sbhe yrtf ohg ab gnvy. Hfhnyyl V nz urneq bayl ng avtug.",Sebt
"N gval ornq, yvxr sentvyr tynff, fgehat nybat n pbeq bs tenff.",Qrj
"Oernx vg naq vg vf orggre, vzzrqvngryl frg naq uneqre gb oernx ntnva.",Erpbeq
"Rnpu zbeavat V nccrne gb yvr ng lbhe srrg, nyy qnl V sbyybj ab znggre ubj snfg lbh eha. Lrg V arneyl crevfu va gur zvqqnl fha.",Funqbj
"Jung qb lbh guebj bhg gb hfr naq gnxr va jura lbh'er qbar?",Napube
"Jung vf vg juvpu ohvyqf guvatf hc? Ynlf zbhagnvaf ybj? Qevrf hc ynxrf, naq znxrf guvatf tebj? Pnerf abg n juvz nobhg lbhe cnffvat? Naq vf yvxr srj bgure guvatf, orpnhfr vg vf rireynfgvat?",Gvzr
"V nz gur sbhagnva sebz juvpu ab bar pna qevax. Sbe znal V nz pbafvqrerq n arprffnel yvax. Yvxr tbyq gb nyy V nz fbhtug sbe, ohg zl pbagvahrq qrngu oevatf jrnygu sbe nyy gb jnag zber.",Bvy
"Fyrrcvat qhevat gur qnl, V uvqr njnl. Jngpushy guebhtu gur avtug, V bcra ng qnja'f yvtug. Ohg bayl sbe gur oevrsrfg gvzr, qb V fuvar. Naq gura V uvqr njnl. Naq fyrrc guebhtu gur qnl.",Fhaevfr
"N frrq nz V, guerr yrggref znxr zl anzr. Gnxr njnl gjb naq V fgvyy fbhaq gur fnzr.",Crn
"Va gur zvqqyr bs avtug, V fheebhaq gur tbat. Va gur zvqqyr bs fvtug, V raq gur fbat.",T
"Ybbx vagb zl snpr naq V'z rirelobql. Fpengpu zl onpx naq V'z abobql.",Zveebe
"Gjb oebguref jr ner, terng oheqraf jr orne. Nyy qnl jr ner ovggreyl cerffrq. Lrg guvf V jvyy fnl, jr ner shyy nyy gur qnl, naq rzcgl jura tb gb erfg.",Obbgf
"Gurl pna or uneoberq, ohg srj ubyq jngre. Lbh pna ahefr gurz, ohg bayl ol ubyqvat gurz ntnvafg fbzrbar ryfr. Lbh pna pneel gurz, ohg abg jvgu lbhe nezf. Lbh pna ohel gurz, ohg abg va gur rnegu.",Tehqtr
"Jung vf vg gung jnf tvira gb lbh, orybatf bayl gb lbh. Naq lrg lbhe sevraqf hfr vg zber guna lbh qb?",Anzr
"Ol Zbba be ol Fha, V funyy or sbhaq. Lrg V nz haqbar, vs gurer'f ab yvtug nebhaq.",Funqbj
"Jung qb lbh hfr gb ubr n ebj, fynl n sbr, naq jevat jvgu jbr?",Unaqf
"Jr geniry zhpu, lrg cevfbaref ner, naq pybfr pbasvarq gb obbg. Lrg jvgu nal ubefr, jr jvyy xrrc gur cnpr, naq jvyy nyjnlf tb ba sbbg.",Fchef
"Jvgubhg n oevqyr, be n fnqqyr, npebff n guvat V evqr n-fgenqqyr. Naq gubfr V evqr, ol uryc bs zr, gubhtu nyzbfg oyvaq, ner znqr gb frr.",Tynffrf
"V syl guebhtu gur nve ba fznyy srngurerq jvatf, frrxvat bhg yvsr naq qrfgeblvat nyy guvatf.",Neebj
"V nz gur erq gbathr bs gur rnegu, gung ohevrf pvgvrf.",Ynin
"V ybbx ng lbh, lbh ybbx ng zr, V envfr zl evtug, lbh envfr lbhe yrsg.",Zveebe
"Jung vf gur guvat juvpu, bapr cbherq bhg, pnaabg or tngurerq ntnva?",Enva
"Vg vf n cneg bs hf, naq gura ercynprq. Vg rfpncrf bhg obqvrf, gb n orggre cynpr. Gur jbeyq orpbzrf vgf fvmrnoyr ubzr. Vgf cnffvbaf haerfgenvag, gur cynarg vg ebnzf.",Jngre
"Jung jbeq fgnegf jvgu 'R', raqf jvgu 'R', ohg bayl unf bar yrggre? Vg vf abg gur yrggre 'R'.",Rairybcr
"N ubyr va n cbyr, gubhtu V svyy n ubyr va juvgr. V'z hfrq zber ol gur qnl, naq yrff ol gur avtug.",Rlr
"V syl, lrg V unir ab jvatf. V pel, lrg V unir ab rlrf. Qnexarff sbyybjf zr. Ybjre yvtug V arire frr.",Pybhq
"V'z shyy bs ubyrf, lrg V'z shyy bs jngre.",Fcbatr
"Ybat naq fyvaxl yvxr n gebhg, arire fvatf gvyy vg'f thgf pbzr bhg.",Tha
"Jung navzny xrrcf gur orfg gvzr?",Jngpuqbt
"Jung xvaq bs ebbz unf ab jvaqbjf be qbbef?",Zhfuebbz
"V unir yrtf ohg jnyx abg, n fgebat onpx ohg jbex abg. Gjb tbbq nezf ohg ernpu abg. N frng ohg fvg naq gneel abg.",Punve
"Vg'f va lbhe unaq gubhtu lbh pna abg srry vg. Bayl lbh naq gvzr pna erirny vg.",Sngr
"Abg obea, ohg sebz n Zbgure'f obql qenja. V unat hagvy unys bs zr vf tbar. V fyrrc va n pnir hagvy V tebj byq. Gura inyhrq sbe zl uneqrarq tbyq.",Purrfr
"V nz gur bhgfgergpurq svatref gung frvmr naq ubyq gur jvaq. Jvfqbz sybjf sebz zr va bgure unaqf. Hcba zr ner fjrrg qernzf qernzg, zl zrerfg gbhpu oevatf ynhtugre.",Srngure
"Unaqf fur unf ohg qbrf abg ubyq. Grrgu fur unf ohg qbrf abg ovgr. Srrg fur unf ohg gurl ner pbyq. Rlrf fur unf ohg jvgubhg fvtug.",Qbyy
"Bayl gjb onpxobarf naq gubhfnaqf bs evof.",Envyebnq
"Uneq veba ba ubefr. Pbj'f uvqr ba zna.",Fubr
"Jung jbeq vf gur fnzr jevggra sbejneq, onpxjneq naq hcfvqr qbja?",Abba
"V pnaabg or sryg, frra be gbhpurq. Lrg V pna or sbhaq va rirelobql. Zl rkvfgrapr vf nyjnlf va qrongr. Lrg V unir zl bja fglyr bs zhfvp.",Fbhy
"V nz frra va gur jngre. Vs frra va gur fxl, V nz va gur envaobj, n wnl'f srngure, naq yncvf ynmhyv.",Oyhr
"Lbh hfr vg orgjrra lbhe urnq naq lbhe gbrf, gur zber vg jbexf gur guvaare vg tebjf.",Fbnc
"Sngureyrff naq zbgureyrff. Obea jvgubhg fva, ebnerq jura vg pnzr vagb gur jbeyq. Naq arire fcbxr ntnva.",Guhaqre
"Jurer pna lbh svaq ebnqf jvgubhg pnef, sberfgf jvgubhg gerrf naq pvgvrf jvgubhg ubhfrf?",Znc
"N yrngurel fanxr, jvgu n fgvatvat ovgr. V'yy fgnl pbvyrq hc, hayrff V zhfg svtug.",Juvc
"Gnxr bar bhg naq fpengpu zl urnq, V nz abj oynpx ohg bapr jnf erq.",Zngpu
"Zbhagnvaf jvyy pehzoyr naq grzcyrf jvyy snyy. Naq ab zna pna fheivir vgf raqyrff pnyy.",Gvzr
"Jung unf jvatf, ohg pna abg syl. Vf rapybfrq, ohg pna bhgfvqr nyfb yvr. Pna bcra vgfrys hc, be pybfr vgfrys njnl. Vf gur cynpr bs xvatf naq dhrraf naq qbttrery bs rirel zrnaf. Jung vf vg hcba juvpu V fgnaq? Juvpu pna yrnq hf gb qvssrerag ynaqf.",Fgntr
"V'z gur fbhepr bs nyy rzbgvba, ohg V'z pntrq va n juvgr cevfba.",Urneg
"V nz gur gbby, sbe vafcvevat znal. Ohl zr va gur fgber, sbe abg zhpu zber guna n craal. Qba'g birehfr zr, be zl hfrshyarff jvyy tb.",Cra
"Jung tbrf guebhtu n qbbe ohg arire tbrf va. Naq arire pbzrf bhg?",Xrlubyr
"Jung tbrf hc jura gur enva pbzrf qbja?",Hzoeryyn
"V bpphe gjvpr va rgreavgl. Naq V'z nyjnlf jvguva fvtug.",G
"Gjvtf naq fcurerf naq cbyrf naq cyngrf. Wbva naq ovaq gb ernfba znxr.",Fxryrgba
"Gur fha onxrf gurz, gur unaq oernxf gurz, gur sbbg gernqf ba gurz, naq gur zbhgu gnfgrf gurz.",Tencrf
"V unir znal srnguref gb uryc zr syl. V unir n obql naq urnq, ohg V'z abg nyvir. Vg vf lbhe fgeratgu juvpu qrgrezvarf ubj sne V tb. Lbh pna ubyq zr va lbhe unaq, ohg V'z arire guebja.",Neebj
"Jung'f oynpx jura lbh trg vg, erq jura lbh hfr vg, naq juvgr jura lbh'er nyy guebhtu jvgu vg?",Punepbny
"Jung unf sbhe yrtf va gur zbeavat, gjb yrtf va gur nsgreabba, naq guerr yrtf va gur riravat?",Zna
"Gnxr bss zl fxva, V jba'g pel, ohg lbh jvyy.",Bavba
"Ubyq gur gnvy, juvyr V svfu sbe lbh.",Arg
"V nz fb fvzcyr gung V pna bayl cbvag. Lrg V thvqr zra nyy bire gur jbeyq.",Pbzcnff
"Veba ebbs, tynff jnyyf, oheaf naq oheaf naq arire snyyf.",Ynagrea
"Yngr nsgreabbaf V bsgra ongur. V'yy fbnx va jngre cvcvat ubg. Zl rffrapr tbrf guebhtu. Zl frr guebhtu pybgurf. Hfrq hc nz V - V'ir tbar gb cbg.",Grnont
"Jung pna'g lbh frr, urne be srry, hagvy vgf gbb yngr. Jung funqbjf ybir, naq fubcxrrcref ungr?",Guvrs
"Jung pna oevat onpx gur qrnq. Znxr hf pel, znxr hf ynhtu, znxr hf lbhat. Obea va na vafgnag lrg ynfgf n yvsr gvzr?",Zrzbel
"V unir n arpx ohg ab urnq. V unir n obql ohg ab nez. V unir n obggbz ohg ab yrt.",Obggyr
"N gubhfnaq pbyberq sbyqf fgergpu gbjneq gur fxl. Ngbc n graqre fgenaq, evfvat sebz gur ynaq, hagvy xvyyrq ol znvqra'f unaq. Creuncf n gbxra bs ybir, creuncf gb fnl tbbqolr.",Sybjre
"Tbyq va n yrngure ont, fjvatvat ba n gerr, zbarl nsgre ubarl va vgf gvzr. Vyyf bs n fpheil perj pherq ol gur frn, ernfba va vgf frnfba ohg ab eulzr.",Benatr
"N fybj, fbyrza fdhner-qnapr bs jneevbef srvagvat. Bar ol bar gurl snyy, jneevbef snvagvat, guvegl-gjb ba fvkgl-sbhe.",Purff
"Ur unf zneevrq znal jbzra ohg unf arire zneevrq.",Cevrfg
"Va lbhe sver lbh urne zr fpernz, pernxvat naq juvavat, lrg V nz qrnq orsber lbh ynl zr va lbhe urnegu.",Ybt
"V jrnxra nyy zra sbe ubhef rnpu qnl. V fubj lbh fgenatr ivfvbaf juvyr lbh ner njnl. V gnxr lbh ol avtug, ol qnl gnxr lbh onpx. Abar fhssre gb unir zr, ohg qb sebz zl ynpx.",Fyrrc
"V fnj n fgenatr perngher. Ybat, uneq, naq fgenvtug, guehfgvat vagb n ebhaq, qnex bcravat. Cercnevat gb qvfpunetr vgf ybnq bs yvirf. Chssvat naq fdhrnyvat abvfrf nppbzcnavrq vg, gura n svany fperrpu nf vg fybjrq naq fgbccrq.",Genva
"Ynetr nf n zbhagnva, fznyy nf n crn, raqyrffyl fjvzzvat va n jngreyrff frn.",Nfgrebvq
"V qb abg oerngur, ohg V eha naq whzc. V qb abg rng, ohg V fjvz naq fgergpu. V qb abg qevax, ohg V fyrrc naq fgnaq. V qb abg guvax, ohg V tebj naq cynl. V qb abg frr, ohg lbh frr zr rirelqnl.",Yrt
"Jura yvdhvq fcynfurf zr, abar frrcf guebhtu. Jura V nz zbirq n ybg, yvdhvq V fcrj. Jura V nz uvg, pbybe V punatr. Naq pbybe, V pbzr va dhvgr n enatr. Jung V pbire vf irel pbzcyrk, naq V nz irel rnfl gb syrk.",Fxva
"Tvir vg sbbq naq vg jvyy yvir, tvir vg jngre naq vg jvyy qvr.",Sver
"N ahg penpxre hc va n gerr.",Fdhveery
"Jung unccraf rirel frpbaq, zvahgr, zbagu, naq praghel. Ohg abg rirel ubhe, jrrx, lrne, be qrpnqr?",A
"Vg unf ab gbc be obggbz, ohg vg pna ubyq syrfu, obarf, naq oybbq nyy ng gur fnzr gvzr.",Evat
"V nz serr sbe gur gnxvat. Guebhtu nyy bs lbhe yvsr, gubhtu tvira ohg bapr ng ovegu. V nz yrff guna abguvat va jrvtug, ohg jvyy sryy gur fgebatrfg bs lbh vs uryq.",Oerngu
"Zl svefg vf va oybbq naq nyfb va onggyr. Zl frpbaq vf va npbea, bnx, naq nccyr. Zl guveq naq sbhegu ner obgu gur fnzr. Va gur pragre bs fbeebj naq gjvpr va ersenva. Zl svsgu fgnegf rgreavgl raqvat urer. Zl ynfg vf gur svefg bs ynfg, Bu Qrne.",Oneery
"Jura V'z zrgny be jbbq, V uryc lbh trg ubzr. Jura V'z syrfu naq V'z oybbq. Va gur qnexarff V ebnz.",Ong
"V znepu orsber nezvrf, n gubhfnaq fnyhgr zr. Zl snyy pna oevat ivpgbel, ohg ab bar jbhyq fubbg zr. Gur jvaq vf zl ybire, bar-yrttrq nz V. Anzr zr naq frr zr ng ubzr va gur fxl.",Synt
"Gbby bs guvrs, gbl bs dhrra. Nyjnlf hfrq gb or hafrra. Fvta bs wbl, fvta bs fbeebj. Tvivat nyy yvxrarff obeebjrq.",Znfx
"Jung svir-yrggre jbeq orpbzrf fubegre jura lbh nqq gjb zber yrggref?",Fubeg
"Jung vf cebabhaprq yvxr bar yrggre, jevggra jvgu guerr yrggref. Naq orybatf gb nyy navznyf?",Rlr
"Jung vf vg gung tvira bar, lbh'yy unir rvgure gjb be abar?",Pubvpr
"Vg vf terngre guna Tbq naq zber rivy guna gur qrivy. Gur cbbe unir vg, gur evpu arrq vg, naq vs lbh rng vg lbh'yy qvr.",Abguvat
"Jung trgf ovttre gur zber lbh gnxr njnl sebz vg?",Ubyr
"Gur zber bs vg gurer vf, gur yrff lbh frr.",Qnexarff
"Gb pebff gur jngre V'z gur jnl, sbe jngre V'z nobir. V gbhpu vg abg naq, gehgu gb fnl, V arvgure fjvz abe zbir.",Oevqtr
"Nf ornhgvshy nf gur frggvat fha, nf qryvpngr nf gur zbeavat qrj. Na natry'f qhfgvat sebz gur fgnef. Gung pna ghea gur Rnegu vagb n sebfgrq zbba.",Fabj
"Jura frg ybbfr V syl njnl. Arire fb phefrq nf jura V tb nfgenl.",Sneg
"Ubj sne jvyy n oyvaq qbt jnyx vagb n sberfg?",Unysjnl
"Zl svefg vf va jvryq, frire obarf naq zneebj. Zl frpbaq vf va oynqr, sbetrq va pbyq fgrry. Zl guveq vf na neonyrfg, naq nyfb va neebjf. Zl sbhegu vf va cbjre, cyhatrq guebhtu n fuvryq. Zl svsgu vf va ubabe, naq nyfb va ibjf. Zl ynfg jvyy chg na raq gb vg nyy.",Jrncba
"Snpr jvgu n gerr, fxva yvxr gur frn. N terng ornfg V nz. Lrg irezva sevtugraf zr.",Ryrcunag
"V fyrrc ol qnl, V syl ol avtug. V unir ab srnguref gb nvq zl syvtug.",Ong
"V nz zbgure naq sngure, ohg arire ovegu be ahefr. V'z eneryl fgvyy, ohg V arire jnaqre.",Gerr
"Jung tbrf va gur jngre erq, naq pbzrf bhg oynpx?",Veba
"Tebjf sebz gur tebhaq, ohfurf naq tenff, yrnirf bs lryybj, erq naq oebja, haehyl cynagf, trg gur nkr, gevz gur urqtr onpx qbja.",Unve
"Jung pna gbhpu fbzrbar bapr naq ynfg gurz n yvsr gvzr?",Ybir
"N qentbaf gbbgu va n zbegnyf unaq, V xvyy, V znvz, V qvivqr gur ynaq.",Fjbeq
"Lbh jvyy svaq zr jvgu sbhe yrtf, ohg ab unve. Crbcyr evqr zr sbe ubhef, ohg V qba'g tb naljurer jvgubhg arrqvat gb or ghttrq. Wrexrq be ghearq ba, V nyjnlf znantr gb or ernql sbe jbex.",Qrfx
"Ab fbbare fcbxra guna oebxra.",Fvyrapr
"Gubhtu qrfreg zra bapr pnyyrq zr Tbq, gbqnl zra pnyy zr znq. Sbe V jnt zl gnvy jura V nz natel. Naq tebjy jura V nz tynq.",Png
"Na bcra raqrq oneery, vg vf funcrq yvxr n uvir. Vg vf svyyrq jvgu gur syrfu, naq gur syrfu vf nyvir.",Guvzoyr
"Jung xvaq bs crg nyjnlf fgnlf ba gur sybbe?",Pnecrg
"Jung syvrf jvgubhg jvatf? Jung cnffrf nyy guvatf? Jung zraqf nyy fbeebj? Jung oevatf gur zbeebj?",Gvzr
"Jung unf n arpx naq ab urnq, gjb nezf ohg ab unaqf?",Fuveg
"Gjb va n pbeare, bar va n ebbz, abar va n ubhfr, ohg bar va n furygre.",E
"Jung qbrf ab zna jnag, lrg ab zna jnag gb ybfr?",Jbex
"V nz gur urneg gung qbrf abg orng. Vs phg, V oyrrq jvgubhg oybbq. V pna syl, ohg unir ab jvatf. V pna sybng, ohg unir ab svaf. V pna fvat, ohg unir ab zbhgu.",Jbbq
"Jrvtug va zl oryyl, gerrf ba zl onpx, anvyf va zl evof, srrg V qb ynpx.",Obng
"Jung vf gung bire gur urnq naq haqre gur ung?",Unve
"V ovaq vg naq vg jnyxf. V ybbfr vg naq vg fgbcf.",Fnaqny
"Zl ibvpr vf graqre, zl jnvfg vf fyraqre naq V'z bsgra vaivgrq gb cynl. Lrg jurerire V tb, V zhfg gnxr zl obj be ryfr V unir abguvat gb fnl.",Ivbyva
"Ybiryl naq ebhaq, V fuvar jvgu cnyr yvtug, tebja va gur qnexarff, n ynql'f qryvtug.",Crney
"Gur fgenatrfg perngher lbh'yy rire svaq unf gjb rlrf va sebag naq n uhaqerq oruvaq.",Crnpbpx
"N yvggyr cbby jvgu gjb ynlref bs jnyy nebhaq vg. Bar juvgr naq fbsg naq gur bgure qnex naq uneq. Nzvqfg n yvtug oebja tenffl ynja jvgu na bhgyvar bs n terra tenff.",Pbpbahg
"V bcra jvqr naq gvtug V fuhg, Funec nz V naq cncre-phg svatref gbb, fb qb gnxr pner, V'z tbbq naq onq, fb orfg orjner.",Fpvffbef
"Bayl bar pbybe, ohg abg bar fvmr. Fghpx ng gur obggbz, lrg rnfvyl syvrf. Cerfrag va fha, ohg abg va enva. Qbvat ab unez, naq srryvat ab cnva.",Funqbj
"N ubhfr bs jbbq va n uvqqra cynpr. Ohvyg jvgubhg anvyf be tyhr. Uvtu nobir gur rnegura tebhaq. Vg ubyqf cnyr trzf bs oyhr.",Arfg
"Jub fcraqf gur qnl ng gur jvaqbj, tbrf gb gur gnoyr sbe zrnyf. Naq uvqrf ng avtug?",Syl
"Gur ortvaavat bs rgreavgl, gur raq bs gvzr naq fcnpr, gur ortvaavat bs rirel raq, gur raq bs rirel cynpr.",R
"Nyjnlf byq, fbzrgvzrf arj. Arire fnq, fbzrgvzrf oyhr. Arire rzcgl, fbzrgvzrf shyy. Arire chfurf, nyjnlf chyyf.",Zbba
"V ohooyr naq ynhtu naq fcvg jngre va lbhe snpr. V nz ab ynql, naq V qba'g jrne ynpr.",Sbhagnva
"Zl grrgu ner funec, zl onpx vf fgenvtug, gb phg guvatf hc vg vf zl sngr.",Fnj
"V ybir gb qnapr naq gjvfg naq cenapr. V funxr zl gnvy, nf njnl V fnvy. Jvatyrff V syl vagb gur fxl.",Xvgr
"V hfhnyyl jrne n lryybj pbng. V hfhnyyl unir n qnex urnq. V znxr znexf jurerire V tb.",Crapvy
"Zl yvsr vf bsgra n ibyhzr bs tevrs, lbhe uryc vf arrqrq gb ghea n arj yrns. Fgvss vf zl fcvar naq zl obql vf cnyr. Ohg V'z nyjnlf ernql gb gryy n gnyr.",Obbx
"V pbfg ab zbarl gb hfr, be pbafpvbhf rssbeg gb gnxr cneg bs. Naq nf sne nf lbh pna frr, gurer vf abguvat gb zr. Ohg jvgubhg zr, lbh ner qrnq.",Nve
"Fbyqvref yvar hc fcnprq jvgu cevqr. Gjb ybat ebjf yvarq fvqr ol fvqr. Bar fbyr havg pna qrpvqr, vs gur ebjf jvyy havg be qvivqr.",Mvccre
"Jung zrnfherf bhg gvzr. Hagvy va gvzr nyy vf fznfurq gb vg?",Fnaq
"V ghea nebhaq bapr. Jung vf bhg jvyy abg trg va. V ghea nebhaq ntnva. Jung vf va jvyy abg trg bhg.",Xrl
"Jub vf ur gung ehaf jvgubhg n yrt. Naq uvf ubhfr ba uvf onpx?",Fanvy
"Jura gur qnl nsgre gbzbeebj vf lrfgreqnl. Gbqnl jvyy or nf sne sebz Jrqarfqnl. Nf gbqnl jnf sebz Jrqarfqnl. Jura gur qnl orsber lrfgreqnl jnf gbzbeebj. Jung vf gur qnl nsgre guvf qnl?",Guhefqnl
"Jung unf ebbgf nf abobql frrf, vf gnyyre guna gerrf. Hc, hc vg tbrf, naq lrg arire tebjf?",Zbhagnva
"Pbzr hc naq yrg hf tb. Tb qbja naq urer jr fgnl.",Napube
"Gurl unir abg syrfu, abe srnguref, abe fpnyrf, abe obar. Lrg gurl unir svatref naq guhzof bs gurve bja.",Tybirf
"Ybat fyvz naq fyraqre. Qnex nf ubzrznqr guhaqre. Xrra rlrf naq crnxrq abfr. Fpnerf gur Qrivy jurerire vg tbrf.",Fanxr
"Jung vf chg ba n gnoyr, phg, ohg arire rngra?",Qrpx
"Gur funec fyvz oynqr, gung phgf gur jvaq.",Tenff
"Nygubhtu zl pbj vf qrnq, V fgvyy orng ureÂ… Jung n enpxrg fur znxrf.",Qehz
"Vg fng hcba n jvyybj gerr, naq fnat fbsgyl hagb zr. Rnfvat zl cnva naq fbeebj jvgu vgf fbat. V jvfurq gb syl, ohg gneevrq ybat. Naq va zl fhssrevat, gur jvyybj jnf yvxr n pbby pyrne fcevat. Jung jnf vg gung urycrq zr fb? Gb fcraq zl gvzr va zl jbr.",Oveq
"V unir sbhe jvatf ohg pnaabg syl. V arire ynhtu naq arire pel. Ba gur fnzr fcbg nyjnlf sbhaq, gbvyvat njnl jvgu yvggyr fbhaq.",Jvaqzvyy
"V nz arire dhvgr jung V nccrne gb or. Fgenvtug-sbejneq V frrz, ohg vg'f bayl fxva qrrc. Sbe zlfgrel zbfg bsgra yvrf orarngu zl fvzcyr fcrrpu. Funecra lbhe jvgf, bcra lbhe rlrf, ybbx orlbaq zl rkgrevbef, ernq zr onpxjneqf, sbejneqf, hcfvqr qbja. Guvax naq nafjre gur dhrfgvba...Jung nz V?",Evqqyr
"Nyy nobhg gur ubhfr, jvgu uvf ynql ur qnaprf, lrg ur nyjnlf jbexf, naq arire ebznaprf.",Oebbz
"V jnyxrq naq jnyxrq naq ng ynfg V tbg vg. V qvqa'g jnag vg. Fb V fgbccrq naq ybbxrq sbe vg. Jura V sbhaq vg, V guerj vg njnl.",Gubea
"Gjb va n jubyr naq sbhe va n cnve. Naq fvk va n gevb lbh frr. Naq rvtug'f n dhnegrg ohg jung lbh zhfg trg. Vf gur anzr gung svgf whfg bar bs zr?",Unys
"V qevir zra znq sbe ybir bs zr. Rnfvyl orngra, arire serr.",Tbyq
"V tb nebhaq va pvepyrf, ohg nyjnlf fgenvtug nurnq. Arire pbzcynva, ab znggre jurer V nz yrq.",Jurry
"Lbh hfr n xavsr gb fyvpr zl urnq. Naq jrrc orfvqr zr jura V nz qrnq.",Bavba
"Gheaf hf ba bhe onpxf, naq bcra hc bhe fgbznpuf. Lbh jvyy or gur jvfrfg bs zra gubhtu ng fgneg n yhzzbk.",Obbxf
"Gubhfnaqf ynl hc tbyq jvguva guvf ubhfr. Ohg ab zna znqr vg. Fcrnef cnfg pbhagvat thneq guvf ubhfr, ohg ab zna jneqf vg.",Orruvir
"Jung tbrf nebhaq gur jbeyq naq fgnlf va n pbeare?",Fgnzc
"Jung unf gb or oebxra orsber vg pna or hfrq?",Rtt
"Perngherf bs cbjre, perngherf bs tenqr, perngherf bs ornhgl, perngherf bs fgeratgu. Nf sbe gurve yvirf, gurl frg rirelguvat'f cnpr. Sbe nyy guvatf zhfg pbzr gb yvir. Haqre gurve rzrenyq rzoenpr. Rvgure va gurve yvsr be va gurve qrngu.",Gerrf
"Qbhoyr zl ahzore, V'z yrff guna n fpber. Unys bs zl ahzore vf yrff guna sbhe. Nqq bar gb zl qbhoyr jura onxref ner arne. Qnlf bs gur jrrx ner fgvyy terngre, V srne.",Fvk
"Va ohpxyrf be ynpr, gurl uryc frg gur cnpr. Gur snegure lbh tb, gur guvaare gurl tebj.",Fubrf
"Jura lbhat, V nz fjrrg va gur fha. Jura zvqqyr-ntrq, V znxr lbh tnl. Jura byq, V nz inyhrq zber guna rire.",Jvar
"Sbejneq V'z urnil, ohg onpxjneqf V'z abg.",Gba
"Uneq gb pngpu, rnfl gb ubyq. Pna'g or frra, hayrff vg'f pbyq.",Oerngu
"V nz gjb-snprq ohg orne bayl bar. V unir ab yrtf ohg geniry jvqryl. Zra fcvyy zhpu oybbq bire zr. Xvatf yrnir gurve vzcevag ba zr. V unir terngrfg cbjre jura tvira njnl, lrg yhfg sbe zr xrrcf zr ybpxrq njnl.",Pbva
"Gjb yvggyr ubyrf va gur fvqr bs n uvyy. Whfg nf lbh pbzr gb gur pureel-erq zvyy.",Abfr
"Jura lbh fgbc naq ybbx, lbh pna nyjnlf frr zr. Vs lbh gel gb gbhpu, lbh pnaabg srry zr. V pnaabg zbir, ohg nf lbh arne zr, V jvyy zbir njnl sebz lbh.",Ubevmba
"N qnttre guehfg ng zl bja urneg, qvpgngrf gur jnl V'z fjnlrq. Yrsg V fgnaq, naq evtug V lvryq, gb gur gjvfgvat bs gur oynqr.",Ybpx
"Jung vafgehzrag pna znxr nal fbhaq naq or urneg, ohg abg gbhpurq be frra?",Ibvpr
"Jung tbrf shegure gur fybjre vg tbrf?",Zbarl
"V pna eha ohg abg jnyx. Jurerire V tb, gubhtug sbyybjf pybfr oruvaq.",Abfr
"Hfrq yrsg be evtug, V trg gb geniry bire pbooyrfgbar be teniry. Hfrq hc, V ivr sbe fjrrg fhpprff, hfrq qbja, V pnhfr zra terng qherff.",Guhzo
"Jung tbrf guebhtu gur qbbe jvgubhg cvapuvat vgfrys? Jung fvgf ba gur fgbir jvgubhg oheavat vgfrys? Jung fvgf ba gur gnoyr naq vf abg nfunzrq?",Fha
"Gur zbba vf zl sngure. Gur frn vf zl zbgure. V unir n zvyyvba oebguref. V qvr jura V ernpu ynaq.",Jnir
"Jung nyjnlf tbrf gb orq jvgu uvf fubrf ba?",Ubefr
"Zl guhaqre pbzrf orsber gur yvtugavat. Zl yvtugavat pbzrf orsber gur pybhqf. Zl enva qevrf nyy gur ynaq vg gbhpurf.",Ibypnab
"Zl ybir, jura V tnmr ba gul ornhgvshy snpr. Pnerrevat nybat, lrg nyjnlf va cynpr, gur gubhtug unf bsgra pbzr vagb zl zvaq. Vs V rire funyy frr gul tybevbhf oruvaq.",Zbba
"Jung fgnegf jvgu n 'G', raqf jvgu n 'G', naq unf G va vg?",Grncbg
"Gbqnl ur vf gurer gb gevc lbh hc. Naq ur jvyy gbegher lbh gbzbeebj. Lrg ur vf nyfb gurer gb rnfr gur cnva, jura lbh ner ybfg va tevrs naq fbeebj.",Nypbuby
"V pna or zbirq. V pna or ebyyrq. Ohg abguvat jvyy V ubyq. V'z erq naq V'z oyhr, naq V pna or bgure pbybef gbb. Univat ab urnq, gubhtu fvzvyne va funcr. V unir ab rlrf - lrg zbir nyy bire gur cynpr.",Onyy
"Vafvqr n oheavat ubhfr, guvf guvat vf orfg gb znxr. Naq orfg gb znxr vg dhvpxyl, orsber gur sver'f gbb zhpu gb gnxr.",Unfgr
"Jung vf ebhaq nf n qvfucna, qrrc nf n gho, naq fgvyy gur bprnaf pbhyqa'g svyy vg hc?",Fvrir
"Zl svefg vf va fbzr ohg abg va nyy. Zl frpbaq vf vagb ohg abg va gnyy. Zl guveq va yvggyr ohg ab va ovt. Zl sbhegu va cbeg ohg abg va cvt. Zl jubyr vf znqr va angher'f jnl. Sbe pybguvat, ehtf hfrq rirel qnl.",Fvyx
"Trgf evq bs onq barf, fubeg naq gnyy. Gvtugraf jura hfrq, bar fvmr svgf nyy.",Abbfr
"Jung trgf jrggre gur zber vg qevrf.",Gbjry
"N yvggyr ubhfr shyy bs zrng, ab qbbe gb tb va naq rng.",Ahg
"N orttne'f oebgure jrag bhg gb frn naq qebjarq. Ohg gur zna jub qebjarq unq ab oebgure. Jub jnf gur orttne gb gur zna jub qebjarq?",Fvfgre
"V pna or jevggra, V pna or fcbxra, V pna or rkcbfrq, V pna or oebxra.",Arjf
"N ubeevq zbafgre uvqrf sebz gur qnl, jvgu znal yrtf naq znal rlrf. Jvgu fvyire punvaf vg pngpurf cerl. Naq rngf vg nyy orsber vg qvrf. Lrg va rirel pbggntr qbrf vg fgnl. Naq rirel pnfgyr orarngu gur fxl.",Fcvqre
"Svir uhaqerq ortvaf vg, svir uhaqerq raqf vg. Svir va gur zvqqyr vf frra. Svefg bs nyy svtherf, gur svefg bs nyy yrggref. Gnxr hc gurve fgngvbaf orgjrra. Wbva nyy gbtrgure, naq gura lbh jvyy oevat orsber lbh gur anzr bs na rzvarag xvat.",Qnivq
"Gnyy va gur zbeavat, fubeg ng abba, tbar ng avtug. Ohg V'yy or onpx fbba.",Funqbj
"Va gur avtug n zbhagnva, va gur zbeavat n zrnqbj.",Orq
"Jung pna or urneq naq pnhtug ohg arire frra?",Erznex
"V pna fvmmyr yvxr onpba, V nz znqr jvgu na rtt. V unir cyragl bs onpxobar, ohg ynpx n tbbq yrt. V crry ynlref yvxr bavbaf, ohg fgvyy erznva jubyr. V pna or ybat, yvxr n syntcbyr, lrg svg va n ubyr.",Fanxr
"Vs n zna pneevrq zl oheqra, ur jbhyq oernx uvf onpx. V nz abg evpu, ohg yrnir fvyire va zl genpx.",Fanvy
"Uvtu obea, zl gbhpu vf tragyr. Cherfg juvgr vf zl ynpr. Fvyrapr vf zl xvatqbz. Terra vf gur pbybe bs zl qrngu.",Fabj
"Lbh urneq zr orsber, lrg lbh urne zr ntnva, gura V qvr. Hagvy lbh pnyy zr ntnva.",Rpub
"Jung jrnef n pbng va gur jvagre naq cnagf va gur fhzzre?",Qbt
"V'z abg ernyyl zber guna ubyrf gvrq gb zber ubyrf. V'z fgebat nf tbbq fgrry, gubhtu abg nf fgvss nf n cbyr.",Punva
"V nz gur guveq sebz n fcnexyr oevtug, V guevir guebhtubhg gur qnl naq avtug. Qrrc va gur cngu bs n pbjf juvgr qevax. V'ir unq gubhfnaqf bs zvyyvbaf bs lrnef gb guvax. Ohg bar bs zl perngherf vf xvyyvat zr. Naq fb gur dhrfgvba V nfx gb gurr, vf jub nz V?",Rnegu
"Hc ba uvtu V jnir njnl ohg abg n jbeq pna V fnl.",Synt
"V nz jubyr ohg vapbzcyrgr. V unir ab rlrf, lrg V frr. Lbh pna frr, naq frr evtug guebhtu zr. Zl ynetrfg cneg vf bar sbhegu bs jung V bapr jnf.",Fxryrgba
"Gurl'er hc arne gur fxl, ba fbzrguvat irel gnyy. Fbzrgvzrf gurl qvr, bayl gura qb gurl snyy.",Yrnirf
"Gbff zr bhg bs gur jvaqbj. Lbh'yy svaq n tevrivat jvsr. Chyy zr onpx ohg guebhtu gur qbbe, naq jngpu fbzrbar tvir yvsr.",A
"N gvzr jura gurl'er terra. N gvzr jura gurl'er oebja. Ohg obgu bs gurfr gvzrf, pnhfr zr gb sebja. Ohg whfg va orgjrra, sbe n irel fubeg juvyr. Gurl'er cresrpg naq lryybj. Naq pnhfr zr gb fzvyr.",Onananf
"V ohvyq hc pnfgyrf. V grne qbja zbhagnvaf. V znxr fbzr zra oyvaq. V uryc bguref gb frr.",Fnaq
"Ebhaq nf n ohggba, qrrc nf n jryy. Vs lbh jnag zr gb gnyx, lbh zhfg svefg chyy zl gnvy.",Oryy
"N ubhfr jvgu gjb bpphcnagf, fbzrgvzrf bar, eneryl guerr. Oernx gur jnyyf, rng gur obneqref, gura guebj njnl zr.",Crnahg
"Zl svefg znfgre unf sbhe yrtf, zl frpbaq znfgre unf gjb. Zl svefg V freir va yvsr, zl frpbaq V freir va qrngu. Gbhtu V nz, lrg fbsg orfvqr. Ntnvafg ynqvrf purrxf V bsgra erfvqr.",She
"V unir bar rlr. Frr arne naq sne. V ubyq gur zbzragf lbh gernfher naq gur guvatf gung znxr lbh jrrc.",Pnzren
"Gurer ner gjb zrnavatf gb zr. Jvgu bar V znl arrq gb or oebxra, jvgu gur bgure V ubyq ba. Zl snibevgr punenpgrevfgvp vf zl punezvat qvzcyr.",Gvr
"Jvgu funec rqtrq jvg naq cbvagrq cbvfr. Vg pna frggyr qvfchgrf jvgubhg znxvat n abvfr.",Fjbeq
"Yvtugre guna jung V nz znqr bs, zber bs zr vf uvqqra guna vf frra. V nz gur onar bs gur znevare. N gbbgu jvguva gur frn.",Vproret
"V unir bar, lbh unir bar. Vs lbh erzbir gur svefg yrggre, n ovg erznvaf. Vs lbh erzbir gur frpbaq, ovg fgvyy erznvaf. Vs lbh erzbir gur guveq, vg fgvyy erznvaf.",Unovg
"Xvatf naq dhrraf znl pyvat gb cbjre. Naq gur wrfgre'f tbg uvf pnyy. Ohg, nf lbh znl nyy qvfpbire. Gur pbzzba bar bhgenaxf gurz nyy.",Npr
"Tyvggrevat cbvagf gung qbjajneq guehfg. Fcnexyvat fcrnef gung arire ehfg.",Vpvpyrf
"Zl svefg vf va svfu ohg ab va fanvy. Zl frpbaq vf va enoovg ohg ab va gnvy. Zl guveq vf va hc ohg abg va qbja. Zl sbhegu vf va gvnen ohg abg va pebja. Zl svsgu vf va gerr lbh cynvayl frr. Zl jubyr n sbbq sbe lbh naq zr.",Sehvg
"Jung V nz svyyrq, V pna cbvag gur jnl. Jura V nz rzcgl. Abguvat zbirf zr. V unir gjb fxvaf. Bar jvgubhg naq bar jvguva.",Tybirf
"Zl svefg vf va jvaqbj ohg abg va cnar. Zl frpbaq'f va ebnq ohg abg va ynar. Zl guveq vf va biny ohg abg va ebhaq. Zl sbhegu vf va urnevat ohg abg va fbhaq. Zl jubyr vf xabja nf n fvta bs crnpr. Naq sebz abnu'f nex jba dhvpx eryrnfr.",Qbir
"Vs lbh qebc zr V'z fher gb penpx. Ohg tvir zr n fzvyr naq V'yy nyjnlf fzvyr onpx.",Zveebe
"V znxr lbh jrnx ng gur jbefg bs nyy gvzrf. V xrrc lbh fnsr, V xrrc lbh svar. V znxr lbhe unaqf fjrng. Naq lbhe urneg tebj pbyq. V ivfvg gur jrnx, ohg fryqbz gur obyq.",Srne
"V eha guebhtu uvyyf. V irre nebhaq zbhagnvaf. V yrnc bire eviref. Naq penjy guebhtu gur sberfgf. Fgrc bhg lbhe qbbe gb svaq zr.",Ebnq
"Lbh pna frr abguvat ryfr jura lbh ybbx va zl snpr. V jvyy ybbx lbh va gur rlr naq V jvyy arire yvr.",Zveebe
"V unir fcyvg gur bar vagb svir. V nz gur pvepyr gung srj jvyy fcl. V nz gur cngu gung oernxf naq tvirf. V nz gur obj ab zna znl oraq.",Envaobj
"N uneirfg fbja naq erncrq ba gur fnzr qnl va na hacybjrq svryq. Juvpu vapernfrf jvgubhg tebjvat, erznvaf jubyr gubhtu vg vf rngra jvguva naq jvgubhg. Vf hfryrff naq lrg gur fgncyr bs angvbaf.",Jne
"Fanxr pbvyrq ebhaq naq ebhaq. Fanxr qrrc orybj gur tebhaq. Fanxr gung'f arire unq n urnq. Fanxr gung ovaqf ohg abg jvgu qernq.",Ebcr
"Zl svefg vf va bprna ohg arire va frn. Zl frpbaq'f va jnfc ohg arire va orr. Zl guveq vf va tyvqre naq nyfb va syvtug. Zl jubyr vf n perngher gung pbzrf bhg ng avtug.",Bjy
"Qvrf unys vgf yvsr. Yvirf gur erfg. Qnaprf jvgubhg zhfvp. Oerngurf jvgubhg oerngu.",Gerr
"Jung ehaf nebhaq nyy qnl. Gura yvrf haqre gur orq. Jvgu vgf gbathr unatvat bhg?",Fubr
"Vg'f gehr V oevat freravgl. Naq unat nebhaq gur fgnef. Ohg lrg V yvir va zvfrel, lbh'yy svaq zr oruvaq onef. Jvgu guvrirf naq ivyynvaf V pbafbeg. Va cevfba V'yy or sbhaq. Ohg V jbhyq arire tb gb pbheg. Hayrff gurer'f zber guna bar.",F
"Lbh zhfg xrrc guvf guvat. Vgf ybff jvyy nssrpg lbhe oebguref. Sbe bapr lbhef vf ybfg, vg jvyy fbba or ybfg ol bguref.",Grzcre
"Jung pna lbh pngpu ohg abg guebj?",Pbyq
"Oynpx jr ner naq zhpu nqzverq. Zra frrx hf vs gurl ner gverq. Jr gver gur ubefr, pbzsbeg zna. Thrff guvf evqqyr vs lbh pna.",Pbny
"V unir n snpr, lrg ab frafrf. Ohg V qba'g ernyyl pner, orpnhfr gvzr vf bs gur rffrapr.",Pybpx
"Vs lbh unir vg, lbh jnag gb funer vg. Vs lbh funer vg, lbh qba'g unir vg.",Frperg
"Gurer vf bar va rirel pbeare naq gjb va rirel ebbz.",B
"Vg pbzrf bayl orsber, vg pbzrf bayl nsgre. Evfrf bayl va qnexarff, ohg evfrf bayl va yvtug. Vg vf nyjnlf gur fnzr, ohg vf lrg nyjnlf qvssrerag.",Zbba
"Nf fbsg nf fvyx, nf juvgr nf zvyx, nf ovggre nf tnyy, n guvpx terra jnyy, naq n terra pbng pbiref zr nyy.",Jnyahg
"Jr ner yvggyr nvel perngherf, nyy bs qvssrerag ibvpr naq srngherf, bar bs hf va tynff vf frg. Bar bs hf lbh'yy svaq va wrg. Nabgure lbh znl frr va gva. Naq gur sbhegu n obk jvguva. Vs gur svsgu lbh fubhyq chefhr, vg pna arire syl sebz lbh.",Ibjryf
"Guerr yvggyr yrggref. N cnenqbk gb fbzr. Gur jbefr gung vg vf, gur orggre vg orpbzrf.",Cha
"Nyzbfg rirelbar arrqf vg, nfxf sbe vg, tvirf vg. Ohg nyzbfg abobql gnxrf vg.",Nqivpr
"Qvssrerag yvtugf qb znxr zr fgenatr, guhf vagb qvssrerag fvmrf V jvyy punatr.",Chcvy
"Gra zra'f fgeratgu, gra zra'f yratgu. Gra zra pna'g oernx vg, lrg n lbhat obl jnyxf bss jvgu vg.",Ebcr
"Fbzr gel gb uvqr, fbzr gel gb purng. Ohg gvzr jvyy fubj, jr nyjnlf jvyy zrrg. Gel nf lbh zvtug, gb thrff zl anzr. V cebzvfr lbh'yy xabj, jura lbh V qb pynvz.",Qrngu
"V'z n tbq. V'z n cynarg. V zrnfher urng.",Zrephel
"V'z juvgr, V'z ebhaq, ohg abg nyjnlf nebhaq. Fbzrgvzrf lbh frr zr, fbzrgvzrf lbh qba'g.",Zbba
"Crbcyr ner uverq gb trg evq bs zr. V'z bsgra uvqvat haqre lbhe orq. Va gvzr V'yy nyjnlf erghea lbh frr. Ovgr zr naq lbh'er fheryl qrnq.",Qhfg
"Qvr jvgubhg zr, arire gunax zr. Jnyx evtug guebhtu zr, arire srry zr. Nyjnlf jngpuvat, arire fcrnxvat. Nyjnlf yhexvat, arire frra.",Nve
"Juvgr oveq, srngureyrff, sylvat bhg bs cnenqvfr. Sylvat bire frn naq ynaq. Qlvat va zl unaq.",Fabj
"Zl yvsr pna or zrnfherq va ubhef. V freir ol orvat qribherq. Guva, V nz dhvpx. Sng, V nz fybj. Jvaq vf zl sbr.",Pnaqyr
"Jung tbrf hc ohg arire pbzrf qbja?",Ntr
"Jr ner nyy nebhaq, lrg gb hf lbh ner unys oyvaq. Fhayvtug znxrf hf vaivfvoyr, naq qvssvphyg gb svaq.",Fgnef
"Jung'f ynetr ba Fngheqnl naq Fhaqnl. Fznyy ba Ghrfqnl, Jrqarfqnl, naq Guhefqnl, naq qvfnccrnef ba Zbaqnl naq Sevqnl?",F
"Jung qb lbh svyy jvgu rzcgl unaqf?",Tybirf
"Tbrf bire nyy gur uvyyf naq ubyybjf. Ovgrf uneq, ohg arire fjnyybjf.",Sebfg
"Fgrnygul nf n funqbj va gur qrnq bs avtug, phaavat ohg nssrpgvbangr vs tvira n ovgr. Arire bjarq ohg bsgra ybirq. Ng zl fcbeg pbafvqrerq pehry, ohg gung'f orpnhfr lbh arire xabj zr ng nyy.",Png
"N erq qehz juvpu fbhaqf jvgubhg orvat gbhpurq, naq tebjf fvyrag, jura vg vf gbhpurq.",Urneg
"Zl frpbaq vf cresbezrq ol zl svefg, naq vg vf gubhtug n guvrs ol gur znexf bs zl jubyr zvtug or pnhtug.",Sbbgfgrc
"Gur zna jub znqr vg qvqa'g arrq vg. Gur zna jub obhtug vg qvqa'g hfr vg. Gur zna jub hfrq vg qvqa'g jnag vg.",Pbssva
"N uvyy shyy, n ubyr shyy, lrg lbh pnaabg pngpu n objy shyy.",Zvfg
"V nz n obk gung ubyqf oynpx naq juvgr xrlf jvgubhg ybpxf. Lrg gurl pna haybpx lbhe fbhy.",Cvnab
"Jung vf bsgra erghearq, ohg arire obeebjrq/",Gunaxf
"N zhggrerq ehzoyr jnf urneq sebz gur cra, naq V, va zl jnyxvat fgbccrq gb ybbx va. Jung jnf guvf V fnj? N znffvir ornfg, ubbsrq, naq wnjrq. Jvgu fcvxrf hcba vgf zvtugl oebj, V jngpurq nf ur fgehpx gur ghes naq cebjyrq. Naq lrg sbe nyy bs uvf zntavsvprapr, ur pbhyqa'g trg bhg bs gung jbbqra srapr.",Ohyy
"Jung jbeq unf xfg va gur zvqqyr, va gur ortvaavat, naq ng gur raq?",Vaxfgnaq
"Fb pbyq, qnzc naq qnex guvf cynpr. Gb fgnl lbh jbhyq ersenva, lrg gubfr jub bpphcl guvf cynpr qb arire pbzcynva.",Tenir
"Jung xvaq bs ahg vf rzcgl ng gur pragre naq unf ab furyy.",Qbhtuahg
"V unir n gvgyr naq znal cntrf. V nz n tragrry bs tragrry qrfprag. V nz n xvyyre irgrena bs jne. V nz n fynir gb zl ybeq cyrqtrq gb uvf freivpr.",Xavtug
"Bs gurfr guvatf - V unir gjb. Bar sbe zr - naq bar sbe lbh. Naq jura lbh nfx nobhg gur cevpr, V fvzcyl fzvyr naq abq gjvpr.",Funevat
"Ng avtug V pbzr jvgubhg orvat srgpurq. Ol qnl V nz ybfg jvgubhg orvat fgbyra.",Fgnef
"Evccrq sebz zl zbgure'f jbzo. Orngra naq ohearq, V orpbzr n oybbq guvefgl xvyyre.",Veba
"V'z irel grzcgvat, fb vgf fnvq, V unir n fuval pbng bs erq, naq zl syrfu vf juvgr orarngu. V fzryy fb fjrrg, gnfgr tbbq gb rng, naq uryc gb thneq lbhe grrgu.",Nccyr
"Gurl znqr zr n zbhgu, ohg qvqa'g tvir zr oerngu. Jngre tvirf zr yvsr, ohg gur fha oevatf zr qrngu.",Fabjzna
"V nz nf fvzcyr nf n pvepyr. Jbeguyrff nf n yrnqre, ohg jura V sbyybj n tebhc. Gurve fgeratgu vapernfrf grasbyq. Ol zlfrys V nz cenpgvpnyyl abguvat. Arvgure artngvir be cbfvgvir.",0
"V fnj n zna va juvgr, ur ybbxrq dhvgr n fvtug. Ur jnf abg byq, ohg ur fgbbq va gur pbyq. Naq jura ur sryg gur fha, ur fgnegrq gb eha. Jub pbhyq ur or? Cyrnfr nafjre zr.",Fabjzna
"Jr ner svir yvggyr bowrpgf bs na rirelqnl fbeg. Lbh jvyy svaq hf nyy va n graavf pbheg.",Ibjryf
"Jung nyjnlf ehaf ohg arire jnyxf, bsgra zhezhef, arire gnyxf. Unf n orq ohg arire fyrrcf, unf n zbhgu ohg arire rngf?",Evire
"V pna or penpxrq, V pna or znqr. V pna or gbyq, V pna or cynlrq.",Wbxr
"Zl puvyqera ner arne naq sne. Ab znggre gung V xabj jurer gurl ner. Gur tvsg V tvir gurz znxr gurve qnl. Ohg vs V jrer tbar gurl jbhyq jnaqre njnl.",Fha
"Fpernzvat, fbnevat frrxvat fxl. Sybjref bs sver sylvat uvtu. Rnfgrea neg sebz napvrag gvzr. Anzr zr abj naq fbyir guvf eulzr.",Sverjbex
"Jub vf vg gung ebjf dhvpxyl jvgu sbhe bnef, ohg arire pbzrf bhg sebz haqre uvf bja ebbs?",Ghegyr
"Jub jbexf jura ur cynlf naq cynlf jura ur jbexf?",Zhfvpvna
"Zl svefg vf gjvpr va nccyr ohg abg bapr va gneg. Zl frpbaq vf va yvire ohg abg va urneg. Zl guveq vf va tvnag naq nyfb va tubfg. Jubyr V'z orfg jura V nz gbnfg.",Cvt
"Ernpuvat fgvssyl sbe gur fxl, V oner zl svatref jura vgf pbyq. Va jnezgu V jrne na rzrenyq tybir naq va orgjrra V qerff va tbyq.",Gerr
"N cerpvbhf fgbar, nf pyrne nf qvnzbaq. Frrx vg bhg juvyr gur fha'f arne gur ubevmba. Gubhtu lbh pna jnyx ba jngre jvgu vgf cbjre, gel gb xrrc vg, naq vg'yy inavfu va na ubhe.",Vpr
"Unys-jnl hc gur uvyy, V frr lbh ng ynfg, ylvat orarngu zr jvgu lbhe fbhaqf naq fvtugf. N pvgl va gur gjvyvtug, qvz naq infg, jvgu fzbxvat ebbsf, fbsg oryyf, naq tyrnzvat yvtugf.",Cnfg
"V urneq bs n jbaqre, bs jbeqf zbgu-rngra. Gung vf n fgenatr guvat, V gubhtug, jrveq. Gung n zna'f fbat or fjnyybjrq ol n jbez. Uvf oyvaqrq fragraprf, uvf orqfvqr fgnaq-ol ehfgyrq va gur avtug - naq gur eboore-thrfg. Abg bar jvg gur jvfre. Sbe gur jbeqf ur unq zhzoyrq.",Obbxjbez
"Jung unf n fvatyr rlr ohg pnaabg frr?",Arrqyr
"V'z yvtug nf n srngure, lrg gur fgebatrfg zna pna'g ubyq zr sbe zber guna 5 zvahgrf. Jung nz V?",Oerngu
"Jung tbrf va gur jngre oynpx naq pbzrf bhg erq?",Ybofgre
"Jung vf oebja naq fgvpxl?",Fgvpx
"Jung nfxf ohg arire nafjref?",Bjy
"Jung ybfrf vgf urnq va gur zbeavat naq trgf vg onpx ng avtug?",Cvyybj
"Jung ohvyqvat unf gur zbfg fgbevrf?",Yvoenel
"V bpphe bapr va n zvahgr...",Z
"V cnff orsber gur fha, ohg znxr ab funqbj. Jung nz V?",jvaq
"Yvtugre guna n srngure, ohg n zna pnaabg ubyq zr sbe ybat...",oerngu
"V unir n uhaqerq yrtf naq pnaabg fgnaq, n ybat arpx ohg ab urnq, naq V rng gur znvq'f yvsr.",oebbz
